{
  "accuracy": 0.8323262839879154,
  "auc": 0.8761058230683092,
  "f1": 0.8564036222509702,
  "tpr": 0.8710526315789474,
  "fpr": 0.2198581560283688
}