{
  "accuracy": 0.8459214501510574,
  "auc": 0.8981336319522208,
  "f1": 0.8688946015424165,
  "tpr": 0.8894736842105263,
  "fpr": 0.2127659574468085
}