{
  "accuracy": 0.4575958702064897,
  "auc": 0.5293858499807425,
  "f1": 0.16086708499714775,
  "tpr": 0.6157205240174672,
  "fpr": 0.5569875151026984
}