{
  "accuracy": 0.5452282157676348,
  "auc": 0.562659172283286,
  "f1": 0.08156424581005586,
  "tpr": 0.5289855072463768,
  "fpr": 0.454127121081392
}