{
  "accuracy": 0.46881720430107526,
  "auc": 0.47245601274591303,
  "f1": 0.21752903907074975,
  "tpr": 0.5364583333333334,
  "fpr": 0.541978387364921
}