{
  "accuracy": 0.4280415430267062,
  "auc": 0.5080195820232369,
  "f1": 0.5483304042179262,
  "tpr": 0.7986348122866894,
  "fpr": 0.8569553805774278
}