{
  "accuracy": 0.7197640117994101,
  "auc": 0.6689602836405462,
  "f1": 0.21810699588477367,
  "tpr": 0.462882096069869,
  "fpr": 0.25654450261780104
}