{
  "accuracy": 0.6172106824925816,
  "auc": 0.655941791405767,
  "f1": 0.5656565656565656,
  "tpr": 0.5733788395904437,
  "fpr": 0.34908136482939633
}