{
  "accuracy": 0.9420671494404214,
  "auc": 0.9851858859142938,
  "f1": 0.7708333333333334,
  "tpr": 0.9548387096774194,
  "fpr": 0.0593841642228739
}