{
  "accuracy": 0.685546875,
  "auc": 0.7407450076804916,
  "f1": 0.5439093484419264,
  "tpr": 0.6857142857142857,
  "fpr": 0.31451612903225806
}