{
  "accuracy": 0.8293051359516617,
  "auc": 0.9023889511011571,
  "f1": 0.8530559167750326,
  "tpr": 0.8631578947368421,
  "fpr": 0.21631205673758866
}