{
  "accuracy": 0.570954356846473,
  "auc": 0.6332222513994656,
  "f1": 0.1070811744386874,
  "tpr": 0.6739130434782609,
  "fpr": 0.43313201035375326
}