{
  "accuracy": 0.5317109144542773,
  "auc": 0.5839973830782949,
  "f1": 0.18693982074263765,
  "tpr": 0.6375545851528385,
  "fpr": 0.4780507450664519
}