{
  "accuracy": 0.8066465256797583,
  "auc": 0.851866368047779,
  "f1": 0.8354755784061697,
  "tpr": 0.8552631578947368,
  "fpr": 0.25886524822695034
}