{
  "accuracy": 0.989466754443713,
  "auc": 0.9999858102355501,
  "f1": 0.950920245398773,
  "tpr": 1.0,
  "fpr": 0.011730205278592375
}