{
  "accuracy": 0.5189964157706093,
  "auc": 0.48872610141313383,
  "f1": 0.21151586368977673,
  "tpr": 0.46875,
  "fpr": 0.47298420615128844
}