{
  "accuracy": 0.689453125,
  "auc": 0.7659754224270353,
  "f1": 0.5595567867036011,
  "tpr": 0.7214285714285714,
  "fpr": 0.3225806451612903
}