{
  "accuracy": 0.64453125,
  "auc": 0.6403033794162827,
  "f1": 0.3973509933774834,
  "tpr": 0.42857142857142855,
  "fpr": 0.27419354838709675
}