{
  "accuracy": 0.9855167873601053,
  "auc": 0.9999668905496168,
  "f1": 0.9337349397590361,
  "tpr": 1.0,
  "fpr": 0.016129032258064516
}