{
  "accuracy": 0.68359375,
  "auc": 0.7554339477726574,
  "f1": 0.547486033519553,
  "tpr": 0.7,
  "fpr": 0.3225806451612903
}