{
  "accuracy": 0.6329749103942652,
  "auc": 0.6649565322804101,
  "f1": 0.30434782608695654,
  "tpr": 0.5833333333333334,
  "fpr": 0.35910224438902744
}