{
  "accuracy": 0.5224926253687315,
  "auc": 0.514047487983792,
  "f1": 0.1440846001321877,
  "tpr": 0.4759825327510917,
  "fpr": 0.47321788159484496
}