{
  "accuracy": 0.8854509545753786,
  "auc": 0.9985668337905591,
  "f1": 0.640495867768595,
  "tpr": 1.0,
  "fpr": 0.12756598240469208
}