{
  "accuracy": 0.6962655601659751,
  "auc": 0.6524042048575942,
  "f1": 0.11736334405144695,
  "tpr": 0.5289855072463768,
  "fpr": 0.29709519700891573
}