{
  "accuracy": 0.7613293051359517,
  "auc": 0.8415500186636804,
  "f1": 0.7876344086021505,
  "tpr": 0.7710526315789473,
  "fpr": 0.25177304964539005
}