{
  "accuracy": 0.6817507418397626,
  "auc": 0.7205004344593444,
  "f1": 0.6001863932898416,
  "tpr": 0.5494880546075085,
  "fpr": 0.21653543307086615
}