{
  "accuracy": 0.9940750493745886,
  "auc": 0.9999905401570334,
  "f1": 0.9717868338557993,
  "tpr": 1.0,
  "fpr": 0.006598240469208211
}