{
  "accuracy": 0.4258160237388724,
  "auc": 0.4507594080603406,
  "f1": 0.5436320754716981,
  "tpr": 0.7866894197952219,
  "fpr": 0.8517060367454068
}