{
  "accuracy": 0.4804572271386431,
  "auc": 0.5137089413250276,
  "f1": 0.15578190533253444,
  "tpr": 0.5676855895196506,
  "fpr": 0.5275875956504229
}