{
  "accuracy": 0.7009063444108762,
  "auc": 0.7710759611795446,
  "f1": 0.7122093023255814,
  "tpr": 0.6447368421052632,
  "fpr": 0.22340425531914893
}