{
  "accuracy": 0.47898230088495575,
  "auc": 0.5498648451390855,
  "f1": 0.16241849436870184,
  "tpr": 0.5982532751091703,
  "fpr": 0.5320177204993959
}