{
  "accuracy": 0.8051349572086899,
  "auc": 0.9517784504777221,
  "f1": 0.5016835016835017,
  "tpr": 0.9612903225806452,
  "fpr": 0.2126099706744868
}