{
  "accuracy": 0.9802501645819618,
  "auc": 0.9997776936902848,
  "f1": 0.9117647058823529,
  "tpr": 1.0,
  "fpr": 0.021994134897360705
}