{
  "accuracy": 0.5839557399723375,
  "auc": 0.6064500464751806,
  "f1": 0.0950661853188929,
  "tpr": 0.572463768115942,
  "fpr": 0.41558815070463045
}