{
  "accuracy": 0.5088495575221239,
  "auc": 0.5315674974103379,
  "f1": 0.16226415094339622,
  "tpr": 0.5633187772925764,
  "fpr": 0.49617398308497784
}