{
  "accuracy": 0.9414088215931534,
  "auc": 0.9964525588875225,
  "f1": 0.7769423558897243,
  "tpr": 1.0,
  "fpr": 0.06524926686217009
}