{
  "accuracy": 0.6974910394265234,
  "auc": 0.6441924702133555,
  "f1": 0.30363036303630364,
  "tpr": 0.4791666666666667,
  "fpr": 0.26766417290108063
}