{
  "accuracy": 0.56452802359882,
  "auc": 0.619294169786865,
  "f1": 0.19164955509924708,
  "tpr": 0.611353711790393,
  "fpr": 0.4397905759162304
}