{
  "accuracy": 0.807168458781362,
  "auc": 0.708073566084788,
  "f1": 0.36104513064133015,
  "tpr": 0.3958333333333333,
  "fpr": 0.12718204488778054
}