{
  "accuracy": 0.4127247579529737,
  "auc": 0.5080841805154368,
  "f1": 0.07413868294810293,
  "tpr": 0.6159420289855072,
  "fpr": 0.5953408110440035
}