{
  "accuracy": 0.8066465256797583,
  "auc": 0.8759331840238896,
  "f1": 0.8337662337662337,
  "tpr": 0.8447368421052631,
  "fpr": 0.24468085106382978
}