{
  "accuracy": 0.5793768545994066,
  "auc": 0.6328292261248913,
  "f1": 0.581549815498155,
  "tpr": 0.6723549488054608,
  "fpr": 0.4921259842519685
}