{
  "accuracy": 0.8444108761329305,
  "auc": 0.9129245987308697,
  "f1": 0.8681177976952625,
  "tpr": 0.8921052631578947,
  "fpr": 0.2198581560283688
}