{
  "accuracy": 0.23485477178423236,
  "auc": 0.5481351573278647,
  "f1": 0.07676902536715621,
  "tpr": 0.8333333333333334,
  "fpr": 0.7888984756974403
}