{
  "accuracy": 0.9651086240947993,
  "auc": 0.9934537886671081,
  "f1": 0.8436578171091446,
  "tpr": 0.9225806451612903,
  "fpr": 0.030058651026392963
}