{
  "accuracy": 0.79296875,
  "auc": 0.8105222734254993,
  "f1": 0.5583333333333333,
  "tpr": 0.4785714285714286,
  "fpr": 0.08870967741935484
}