{
  "accuracy": 0.5148367952522255,
  "auc": 0.5092490571784329,
  "f1": 0.44482173174872663,
  "tpr": 0.447098976109215,
  "fpr": 0.4330708661417323
}