{
  "accuracy": 0.583984375,
  "auc": 0.609744623655914,
  "f1": 0.4350132625994695,
  "tpr": 0.5857142857142857,
  "fpr": 0.4166666666666667
}