{
  "accuracy": 0.8202416918429003,
  "auc": 0.8870007465472192,
  "f1": 0.8472400513478819,
  "tpr": 0.868421052631579,
  "fpr": 0.24468085106382978
}