{
  "accuracy": 0.7433691756272401,
  "auc": 0.7295130229980604,
  "f1": 0.3741258741258741,
  "tpr": 0.5572916666666666,
  "fpr": 0.22693266832917705
}