{
  "accuracy": 0.6936201780415431,
  "auc": 0.7312947336361111,
  "f1": 0.6100094428706326,
  "tpr": 0.5511945392491467,
  "fpr": 0.1968503937007874
}