{
  "accuracy": 0.6659498207885305,
  "auc": 0.6946890586034913,
  "f1": 0.3265895953757225,
  "tpr": 0.5885416666666666,
  "fpr": 0.32169576059850374
}