{
  "accuracy": 0.7082437275985664,
  "auc": 0.7440599889165974,
  "f1": 0.3689922480620155,
  "tpr": 0.6197916666666666,
  "fpr": 0.2776392352452203
}