{
  "accuracy": 0.8031599736668861,
  "auc": 0.9509223346892443,
  "f1": 0.502495840266223,
  "tpr": 0.9741935483870968,
  "fpr": 0.21627565982404692
}