{
  "accuracy": 0.4859882005899705,
  "auc": 0.5312500549588732,
  "f1": 0.16526946107784432,
  "tpr": 0.6026200873362445,
  "fpr": 0.5247684252919855
}