{
  "accuracy": 0.779296875,
  "auc": 0.812058371735791,
  "f1": 0.6295081967213115,
  "tpr": 0.6857142857142857,
  "fpr": 0.18548387096774194
}