{
  "accuracy": 0.65234375,
  "auc": 0.7051939324116743,
  "f1": 0.5082872928176796,
  "tpr": 0.6571428571428571,
  "fpr": 0.34946236559139787
}