{
  "accuracy": 0.8096676737160121,
  "auc": 0.8874766703994028,
  "f1": 0.8346456692913385,
  "tpr": 0.8368421052631579,
  "fpr": 0.22695035460992907
}