{
  "accuracy": 0.739302172481896,
  "auc": 0.8883312837006905,
  "f1": 0.4,
  "tpr": 0.8516129032258064,
  "fpr": 0.27346041055718473
}