{
  "accuracy": 0.7323008849557522,
  "auc": 0.6659195191054631,
  "f1": 0.2108695652173913,
  "tpr": 0.42358078602620086,
  "fpr": 0.2392267418445429
}