{
  "accuracy": 0.6666666666666666,
  "auc": 0.51369406345248,
  "f1": 0.19689119170984457,
  "tpr": 0.296875,
  "fpr": 0.2743142144638404
}