{
  "accuracy": 0.6567081604426003,
  "auc": 0.6662842363690171,
  "f1": 0.11293781272337383,
  "tpr": 0.572463768115942,
  "fpr": 0.3399482312338223
}