{
  "accuracy": 0.5125864453665283,
  "auc": 0.5511758429097214,
  "f1": 0.07555089192025184,
  "tpr": 0.5217391304347826,
  "fpr": 0.4877768190969226
}