{
  "accuracy": 0.6594982078853047,
  "auc": 0.5443942227763924,
  "f1": 0.20168067226890757,
  "tpr": 0.3125,
  "fpr": 0.28512053200332504
}