{
  "accuracy": 0.73828125,
  "auc": 0.8488863287250384,
  "f1": 0.6358695652173914,
  "tpr": 0.8357142857142857,
  "fpr": 0.29838709677419356
}