{
  "accuracy": 0.577893175074184,
  "auc": 0.6239530425590999,
  "f1": 0.5699168556311414,
  "tpr": 0.643344709897611,
  "fpr": 0.47244094488188976
}