{
  "accuracy": 0.5353982300884956,
  "auc": 0.6103327957622752,
  "f1": 0.18499353169469598,
  "tpr": 0.6244541484716157,
  "fpr": 0.47281514297221106
}