{
  "accuracy": 0.9407504937458855,
  "auc": 0.9943666635133857,
  "f1": 0.7738693467336684,
  "tpr": 0.9935483870967742,
  "fpr": 0.06524926686217009
}