{
  "accuracy": 0.8368580060422961,
  "auc": 0.8942235908921239,
  "f1": 0.8604651162790697,
  "tpr": 0.8763157894736842,
  "fpr": 0.21631205673758866
}