{
  "accuracy": 0.6171875,
  "auc": 0.69502688172043,
  "f1": 0.4842105263157895,
  "tpr": 0.6571428571428571,
  "fpr": 0.3978494623655914
}