{
  "accuracy": 0.701171875,
  "auc": 0.8263056835637481,
  "f1": 0.6046511627906976,
  "tpr": 0.8357142857142857,
  "fpr": 0.34946236559139787
}