{
  "accuracy": 0.6053412462908012,
  "auc": 0.6559429111463456,
  "f1": 0.572347266881029,
  "tpr": 0.6075085324232082,
  "fpr": 0.3963254593175853
}