{
  "accuracy": 0.6060830860534124,
  "auc": 0.6101376833015326,
  "f1": 0.5159525979945305,
  "tpr": 0.48293515358361777,
  "fpr": 0.2992125984251969
}