{
  "accuracy": 0.8081570996978852,
  "auc": 0.8797172452407614,
  "f1": 0.8352788586251622,
  "tpr": 0.8473684210526315,
  "fpr": 0.24468085106382978
}