{
  "accuracy": 0.7648745519713261,
  "auc": 0.7166978387364921,
  "f1": 0.37404580152671757,
  "tpr": 0.5104166666666666,
  "fpr": 0.19451371571072318
}