{
  "accuracy": 0.5468879668049793,
  "auc": 0.6205040994027002,
  "f1": 0.09302325581395349,
  "tpr": 0.6086956521739131,
  "fpr": 0.455565142364107
}