{
  "accuracy": 0.5838278931750742,
  "auc": 0.5835695985953975,
  "f1": 0.4316109422492401,
  "tpr": 0.363481228668942,
  "fpr": 0.24671916010498687
}