{
  "accuracy": 0.6112759643916914,
  "auc": 0.6495312765938387,
  "f1": 0.5611390284757118,
  "tpr": 0.5716723549488054,
  "fpr": 0.35826771653543305
}