{
  "accuracy": 0.5106932153392331,
  "auc": 0.541054717933476,
  "f1": 0.16488357457520453,
  "tpr": 0.5720524017467249,
  "fpr": 0.49496576721707614
}