{
  "accuracy": 0.587890625,
  "auc": 0.6564708141321045,
  "f1": 0.4403183023872679,
  "tpr": 0.5928571428571429,
  "fpr": 0.41397849462365593
}