{
  "accuracy": 0.2251728907330567,
  "auc": 0.546315747791908,
  "f1": 0.07588254701418674,
  "tpr": 0.8333333333333334,
  "fpr": 0.7989646246764452
}