{
  "accuracy": 0.779296875,
  "auc": 0.7914170506912442,
  "f1": 0.5271966527196653,
  "tpr": 0.45,
  "fpr": 0.0967741935483871
}