{
  "accuracy": 0.5081602373887241,
  "auc": 0.5004501357125581,
  "f1": 0.44425817267393125,
  "tpr": 0.4522184300341297,
  "fpr": 0.44881889763779526
}