{
  "accuracy": 0.7139784946236559,
  "auc": 0.6419260009697978,
  "f1": 0.2938053097345133,
  "tpr": 0.4322916666666667,
  "fpr": 0.24106400665004157
}