{
  "accuracy": 0.4520055325034578,
  "auc": 0.5082884212193587,
  "f1": 0.06688648139425342,
  "tpr": 0.5144927536231884,
  "fpr": 0.5504745470232959
}