{
  "accuracy": 0.5811209439528023,
  "auc": 0.601841869692072,
  "f1": 0.1839080459770115,
  "tpr": 0.5589519650655022,
  "fpr": 0.41683447442609745
}