{
  "accuracy": 0.75,
  "auc": 0.8520161290322581,
  "f1": 0.632183908045977,
  "tpr": 0.7857142857142857,
  "fpr": 0.26344086021505375
}