{
  "accuracy": 0.7311827956989247,
  "auc": 0.5942045926849543,
  "f1": 0.2331288343558282,
  "tpr": 0.296875,
  "fpr": 0.19950124688279303
}