{
  "accuracy": 0.6609318996415771,
  "auc": 0.5868336970074813,
  "f1": 0.2432,
  "tpr": 0.3958333333333333,
  "fpr": 0.2967581047381546
}