{
  "accuracy": 0.5048409405255878,
  "auc": 0.5472567138921192,
  "f1": 0.0811088295687885,
  "tpr": 0.572463768115942,
  "fpr": 0.49784296807592754
}