{
  "accuracy": 0.9466754443712969,
  "auc": 0.9977627471383975,
  "f1": 0.7928388746803069,
  "tpr": 1.0,
  "fpr": 0.0593841642228739
}