{
  "accuracy": 0.7945619335347432,
  "auc": 0.8480029861888765,
  "f1": 0.8147138964577657,
  "tpr": 0.7868421052631579,
  "fpr": 0.1950354609929078
}