{
  "accuracy": 0.3698377581120944,
  "auc": 0.5640442344184999,
  "f1": 0.16511968734733756,
  "tpr": 0.7379912663755459,
  "fpr": 0.6641159887233186
}