{
  "accuracy": 0.6216617210682492,
  "auc": 0.6690147626597869,
  "f1": 0.5853658536585366,
  "tpr": 0.6143344709897611,
  "fpr": 0.37270341207349084
}