{
  "accuracy": 0.6575380359612725,
  "auc": 0.6485559348597201,
  "f1": 0.1093525179856115,
  "tpr": 0.5507246376811594,
  "fpr": 0.3382226056945643
}