{
  "accuracy": 0.5236514522821577,
  "auc": 0.5120991776185534,
  "f1": 0.07219827586206896,
  "tpr": 0.4855072463768116,
  "fpr": 0.4748346275524878
}